es,gn,notes
Comprar,Jogua,verbo
Campo viejo,Okára tuja,sintagma nominal
Pimienta nuevo,Kỹikĩ pyahu,sintagma nominal
Sapo feo,Kururu vai,sintagma nominal
Tomate grande,Tomáte guasu,sintagma nominal
Cuchillo barato,Kuchillo hepy'ỹ,sintagma nominal
Tomate lento,Tomáte mbeguemi,sintagma nominal
Hormiga amarillo,Tapi'í Sa'yju,animal+color
Buho amarillo,Urukure'a Sa'yju,animal+color
Río bonito,Ysyry porã,sintagma nominal
Fruta lento,Yva mbeguemi,sintagma nominal
Tomate pequeño,Tomáte michĩ,sintagma nominal
Azúcar,Azuka,alimento
Hormiga rojo,Tapi'í Pytã,animal+color
Ajo barato,Ajo hepy'ỹ,sintagma nominal
Sapo negro,Kururu Hũ,animal+color
Río barato,Ysyry hepy'ỹ,sintagma nominal
Águila rojo,Taguato Pytã,animal+color
Zorro lento,Aguara mbeguemi,sintagma nominal
Águila verde,Taguato Hovyũ,animal+color
Plaza nuevo,Plása pyahu,sintagma nominal
Carne pequeño,So'o michĩ,sintagma nominal
Necesitar,Tekotevẽ,verbo
Necesito campo,Aikotevẽ Okára,frase: necesidad
Fruta viejo,Yva tuja,sintagma nominal
Sol lento,Kuarahy mbeguemi,sintagma nominal
Cuchillo caro,Kuchillo hepy,sintagma nominal
Venir,Ju,verbo
Cebolla bonito,Sevolla porã,sintagma nominal
Cebolla pequeño,Sevolla michĩ,sintagma nominal
Quiero ajo,Aipota Ajo,frase: deseo
Ajo lento,Ajo mbeguemi,sintagma nominal
Lago feo,Ypa vai,sintagma nominal
Patio caro,Kora hepy,sintagma nominal
Gallina caro,Ryguasu hepy,sintagma nominal
Maíz grande,Avati guasu,sintagma nominal
Habitación bonito,Kotý porã,sintagma nominal
Mariposa caro,Panambi hepy,sintagma nominal
Zorrino pequeño,Suru michĩ,sintagma nominal
Perro bonito,Jagua porã,sintagma nominal
Cocina barato,Kokina hepy'ỹ,sintagma nominal
Lago barato,Ypa hepy'ỹ,sintagma nominal
Buho caro,Urukure'a hepy,sintagma nominal
Sol bonito,Kuarahy porã,sintagma nominal
Mercado barato,Merkádo hepy'ỹ,sintagma nominal
Cuchara lento,Kucharã mbeguemi,sintagma nominal
Cerdo naranja,Kure Narã,animal+color
Necesito olla,Aikotevẽ Kyguãi,frase: necesidad
Nuestro primo,Ñande Prímo,posesivo+familia
Piso rápido,Yvy pya'e,sintagma nominal
Nuestro tía,Ñande Tía,posesivo+familia
Cama bonito,Tupao porã,sintagma nominal
Tortuga viejo,Karaí tuja,sintagma nominal
Pepino,Pepino,verdura
Casa caro,Óga hepy,sintagma nominal
Ciudad lento,Táva mbeguemi,sintagma nominal
Plato bonito,Atyha'i porã,sintagma nominal
Café rápido,Kafe pya'e,sintagma nominal
Águila amarillo,Taguato Sa'yju,animal+color
Tortuga rosa,Karaí Pytã asy,animal+color
Zorro verde,Aguara Hovyũ,animal+color
Cerdo caro,Kure hepy,sintagma nominal
Piña feo,Karapepẽ vai,sintagma nominal
Yerba mate grande,Ka'a guasu,sintagma nominal
Iglesia caro,Tupao hepy,sintagma nominal
Piso bonito,Yvy porã,sintagma nominal
Caballo pequeño,Kavaju michĩ,sintagma nominal
Escuela pequeño,Mbo'ehao michĩ,sintagma nominal
Caballo barato,Kavaju hepy'ỹ,sintagma nominal
Loro bonito,Tu'i porã,sintagma nominal
Olla,Kyguãi,hogar
Río,Ysyry,lugar/naturaleza
Águila azul,Taguato Hovy,animal+color
Sol feo,Kuarahy vai,sintagma nominal
Techo feo,Apytere vai,sintagma nominal
Sandía nuevo,Sandía pyahu,sintagma nominal
Escribir,Hai,verbo
Mesa barato,Atyha hepy'ỹ,sintagma nominal
Leche barato,Kamby hepy'ỹ,sintagma nominal
Armadillo rápido,Tatu pya'e,sintagma nominal
Loro feo,Tu'i vai,sintagma nominal
Cebolla grande,Sevolla guasu,sintagma nominal
Tomate barato,Tomáte hepy'ỹ,sintagma nominal
Uva bonito,Yva rykue porã,sintagma nominal
Tierra viejo,Yvy tuja,sintagma nominal
Necesito silla,Aikotevẽ Guapyha,frase: necesidad
Habitación nuevo,Kotý pyahu,sintagma nominal
Carne feo,So'o vai,sintagma nominal
Estrella grande,Mbyja guasu,sintagma nominal
Baño nuevo,Jahuha pyahu,sintagma nominal
Queso barato,Kesú hepy'ỹ,sintagma nominal
Quiero naranja,Aipota Narã yva,frase: deseo
Hombro,Atukupe,cuerpo
Gato violeta,Mbarakaja Hovyũ pytã,animal+color
Ciudad rápido,Táva pya'e,sintagma nominal
Mono azul,Karaí kavaju? Hovy,animal+color
Estrella bonito,Mbyja porã,sintagma nominal
Piña grande,Karapepẽ guasu,sintagma nominal
Colibrí violeta,Mainumby Hovyũ pytã,animal+color
Cerdo rápido,Kure pya'e,sintagma nominal
Tu tío,Nde Tío,posesivo+familia
Nuestro (excl.) abuela,Ore Jarýi,posesivo+familia
Lluvia lento,Ama mbeguemi,sintagma nominal
Zorro feo,Aguara vai,sintagma nominal
Huevo lento,Rupi'a mbeguemi,sintagma nominal
Harina nuevo,Harina pyahu,sintagma nominal
Yacaré caro,Jakare hepy,sintagma nominal
Pimienta rápido,Kỹikĩ pya'e,sintagma nominal
Colibrí grande,Mainumby guasu,sintagma nominal
Piso caro,Yvy hepy,sintagma nominal
Manzana,Yva pytã,alimento
Uva caro,Yva rykue hepy,sintagma nominal
Loro violeta,Tu'i Hovyũ pytã,animal+color
Café viejo,Kafe tuja,sintagma nominal
Plato,Atyha'i,hogar
Pato rápido,Pato pya'e,sintagma nominal
Nuestro vecino,Ñande Vecino,posesivo+familia
Cebolla lento,Sevolla mbeguemi,sintagma nominal
Mandioca feo,Mandi'o vai,sintagma nominal
Necesito sol,Aikotevẽ Kuarahy,frase: necesidad
Ajo bonito,Ajo porã,sintagma nominal
Águila naranja,Taguato Narã,animal+color
Necesito selva,Aikotevẽ Ka'aguasu,frase: necesidad
Calabaza,Kurapepẽ,verdura
Zorro viejo,Aguara tuja,sintagma nominal
Ciudad barato,Táva hepy'ỹ,sintagma nominal
Necesito baño,Aikotevẽ Jahuha,frase: necesidad
Mariposa bonito,Panambi porã,sintagma nominal
Cebolla caro,Sevolla hepy,sintagma nominal
Café nuevo,Kafe pyahu,sintagma nominal
Necesito patio,Aikotevẽ Kora,frase: necesidad
Aceite caro,Aceite hepy,sintagma nominal
Rosa,Pytã asy,color
Sopa caro,Sopa hepy,sintagma nominal
Cocina viejo,Kokina tuja,sintagma nominal
Olla bonito,Kyguãi porã,sintagma nominal
Mandioca barato,Mandi'o hepy'ỹ,sintagma nominal
Café feo,Kafe vai,sintagma nominal
Gato rosa,Mbarakaja Pytã asy,animal+color
Tenedor barato,Tenédor hepy'ỹ,sintagma nominal
Camino feo,Tape vai,sintagma nominal
Manzana nuevo,Yva pytã pyahu,sintagma nominal
Tierra barato,Yvy hepy'ỹ,sintagma nominal
Baño rápido,Jahuha pya'e,sintagma nominal
Dos,Mokõi,número
Mandarina,Mandarina,fruta
Zorrino rosa,Suru Pytã asy,animal+color
Armadillo lento,Tatu mbeguemi,sintagma nominal
Tomate caro,Tomáte hepy,sintagma nominal
Selva viejo,Ka'aguasu tuja,sintagma nominal
Carne barato,So'o hepy'ỹ,sintagma nominal
Colibrí viejo,Mainumby tuja,sintagma nominal
Corazón,Py'a,cuerpo
Gato nuevo,Mbarakaja pyahu,sintagma nominal
Escuchar,Hendu,verbo
De nada,Ndaipóri,cortesía
Sopa,Sopa,alimento
Mariposa rosa,Panambi Pytã asy,animal+color
Lápiz,Yvyra'i haiha,escuela
Aceite viejo,Aceite tuja,sintagma nominal
Hormiga azul,Tapi'í Hovy,animal+color
Sapo violeta,Kururu Hovyũ pytã,animal+color
Águila viejo,Taguato tuja,sintagma nominal
Puerta feo,Okẽ vai,sintagma nominal
Murciélago viejo,Mbopi tuja,sintagma nominal
Puerta nuevo,Okẽ pyahu,sintagma nominal
Tomate nuevo,Tomáte pyahu,sintagma nominal
Gato azul,Mbarakaja Hovy,animal+color
Pimiento,Pimiẽta,verdura
Perro,Jagua,animal
Árbol grande,Yvyra guasu,sintagma nominal
Quiero agua,Aipota Y,frase: deseo
Rojo,Pytã,color
Río grande,Ysyry guasu,sintagma nominal
Techo,Apytere,hogar
Ver,Hecha,verbo
Por favor,Ikatúpa,cortesía
Abeja naranja,Eíra Narã,animal+color
Loro rojo,Tu'i Pytã,animal+color
Mercado caro,Merkádo hepy,sintagma nominal
Papaya pequeño,Mamón michĩ,sintagma nominal
Camino caro,Tape hepy,sintagma nominal
Sapo rosa,Kururu Pytã asy,animal+color
Baño barato,Jahuha hepy'ỹ,sintagma nominal
Cuchara grande,Kucharã guasu,sintagma nominal
Plato nuevo,Atyha'i pyahu,sintagma nominal
Pájaro barato,Guyra hepy'ỹ,sintagma nominal
Silla caro,Guapyha hepy,sintagma nominal
Banana lento,Pakova mbeguemi,sintagma nominal
Zorro rápido,Aguara pya'e,sintagma nominal
Nuestro (excl.) hijo,Ore Ta'ýra,posesivo+familia
Colibrí barato,Mainumby hepy'ỹ,sintagma nominal
Arroz grande,Arro guasu,sintagma nominal
Abeja barato,Eíra hepy'ỹ,sintagma nominal
Árbol pequeño,Yvyra michĩ,sintagma nominal
Águila pequeño,Taguato michĩ,sintagma nominal
Árbol rápido,Yvyra pya'e,sintagma nominal
Baño pequeño,Jahuha michĩ,sintagma nominal
Queso pequeño,Kesú michĩ,sintagma nominal
Quiero sopa,Aipota Sopa,frase: deseo
Perro feo,Jagua vai,sintagma nominal
Mono nuevo,Karaí kavaju? pyahu,sintagma nominal
Zorro marrón,Aguara Hũ sa'yju,animal+color
Buho viejo,Urukure'a tuja,sintagma nominal
Murciélago violeta,Mbopi Hovyũ pytã,animal+color
Pimienta grande,Kỹikĩ guasu,sintagma nominal
Papa,Papa,verdura
Mariposa blanco,Panambi Morotĩ,animal+color
Tortuga nuevo,Karaí pyahu,sintagma nominal
Árbol,Yvyra,lugar/naturaleza
Necesito ventana,Aikotevẽ Ovetã,frase: necesidad
Banana caro,Pakova hepy,sintagma nominal
Yerba mate feo,Ka'a vai,sintagma nominal
Luna bonito,Jasy porã,sintagma nominal
Armadillo marrón,Tatu Hũ sa'yju,animal+color
Camino pequeño,Tape michĩ,sintagma nominal
Manzana pequeño,Yva pytã michĩ,sintagma nominal
Techo caro,Apytere hepy,sintagma nominal
Camino nuevo,Tape pyahu,sintagma nominal
Quiero pepino,Aipota Pepino,frase: deseo
Primo,Prímo,familia
Cebolla viejo,Sevolla tuja,sintagma nominal
Hormiga rosa,Tapi'í Pytã asy,animal+color
Hormiga violeta,Tapi'í Hovyũ pytã,animal+color
Zorrino,Suru,animal
Queso nuevo,Kesú pyahu,sintagma nominal
Pájaro,Guyra,animal
Mono grande,Karaí kavaju? guasu,sintagma nominal
Loro marrón,Tu'i Hũ sa'yju,animal+color
Lluvia bonito,Ama porã,sintagma nominal
Baño feo,Jahuha vai,sintagma nominal
Tortuga rápido,Karaí pya'e,sintagma nominal
Armadillo feo,Tatu vai,sintagma nominal
Mandioca bonito,Mandi'o porã,sintagma nominal
Lago rápido,Ypa pya'e,sintagma nominal
Silla lento,Guapyha mbeguemi,sintagma nominal
Tu hijo,Nde Ta'ýra,posesivo+familia
Mesa nuevo,Atyha pyahu,sintagma nominal
Vaca violeta,Vaka Hovyũ pytã,animal+color
Yerba mate bonito,Ka'a porã,sintagma nominal
Abeja lento,Eíra mbeguemi,sintagma nominal
Colibrí marrón,Mainumby Hũ sa'yju,animal+color
Murciélago verde,Mbopi Hovyũ,animal+color
Tortuga negro,Karaí Hũ,animal+color
Escuela caro,Mbo'ehao hepy,sintagma nominal
Colibrí bonito,Mainumby porã,sintagma nominal
Estrella caro,Mbyja hepy,sintagma nominal
Cerdo lento,Kure mbeguemi,sintagma nominal
Banana viejo,Pakova tuja,sintagma nominal
Yacaré lento,Jakare mbeguemi,sintagma nominal
Cuchillo viejo,Kuchillo tuja,sintagma nominal
Café lento,Kafe mbeguemi,sintagma nominal
Mono,Karaí kavaju?,animal
Oreja,Apysa,cuerpo
Lluvia feo,Ama vai,sintagma nominal
Mandioca viejo,Mandi'o tuja,sintagma nominal
Buho rosa,Urukure'a Pytã asy,animal+color
Escuela feo,Mbo'ehao vai,sintagma nominal
Arroz barato,Arro hepy'ỹ,sintagma nominal
Pimienta viejo,Kỹikĩ tuja,sintagma nominal
Manzana feo,Yva pytã vai,sintagma nominal
Camino bonito,Tape porã,sintagma nominal
Lapicera,Haiha,escuela
Plaza barato,Plása hepy'ỹ,sintagma nominal
Hormiga,Tapi'í,animal
Hospital bonito,Pohãno renda porã,sintagma nominal
Techo pequeño,Apytere michĩ,sintagma nominal
Mi vecino,Che Vecino,posesivo+familia
Espalda,Atukupe kupe,cuerpo
Luna lento,Jasy mbeguemi,sintagma nominal
Fruta caro,Yva hepy,sintagma nominal
Nuestro (excl.) primo,Ore Prímo,posesivo+familia
Zorro azul,Aguara Hovy,animal+color
Aceite bonito,Aceite porã,sintagma nominal
Olla nuevo,Kyguãi pyahu,sintagma nominal
Caballo caro,Kavaju hepy,sintagma nominal
Pájaro caro,Guyra hepy,sintagma nominal
Nos vemos,Jajohecha peve,despedida
Águila marrón,Taguato Hũ sa'yju,animal+color
Lechuza feo,Mbopi'i vai,sintagma nominal
Armadillo amarillo,Tatu Sa'yju,animal+color
Luna pequeño,Jasy michĩ,sintagma nominal
Cuchara caro,Kucharã hepy,sintagma nominal
Zorrino bonito,Suru porã,sintagma nominal
Carne caro,So'o hepy,sintagma nominal
Buho rojo,Urukure'a Pytã,animal+color
Tenedor lento,Tenédor mbeguemi,sintagma nominal
Yerba mate barato,Ka'a hepy'ỹ,sintagma nominal
Uva feo,Yva rykue vai,sintagma nominal
Cuchillo,Kuchillo,hogar
Quiero carne,Aipota So'o,frase: deseo
Naranja caro,Narã yva hepy,sintagma nominal
Agua feo,Y vai,sintagma nominal
Ventana viejo,Ovetã tuja,sintagma nominal
Caballo,Kavaju,animal
Pimienta,Kỹikĩ,alimento
Mi amigo,Che Angirũ,posesivo+familia
Azúcar lento,Azuka mbeguemi,sintagma nominal
Vaca negro,Vaka Hũ,animal+color
Mono pequeño,Karaí kavaju? michĩ,sintagma nominal
Río nuevo,Ysyry pyahu,sintagma nominal
Caballo marrón,Kavaju Hũ sa'yju,animal+color
Leche rápido,Kamby pya'e,sintagma nominal
Lechuza rosa,Mbopi'i Pytã asy,animal+color
Águila bonito,Taguato porã,sintagma nominal
Sal lento,Juky mbeguemi,sintagma nominal
Olla viejo,Kyguãi tuja,sintagma nominal
Mercado viejo,Merkádo tuja,sintagma nominal
Abeja grande,Eíra guasu,sintagma nominal
Loro negro,Tu'i Hũ,animal+color
Vaso nuevo,Hy'áiha pyahu,sintagma nominal
Pera,Perá,fruta
Vaso grande,Hy'áiha guasu,sintagma nominal
Frutilla,Frutilla,fruta
Piso nuevo,Yvy pyahu,sintagma nominal
Campo pequeño,Okára michĩ,sintagma nominal
Vaca grande,Vaka guasu,sintagma nominal
Patio,Kora,hogar
Lechuza amarillo,Mbopi'i Sa'yju,animal+color
Pájaro verde,Guyra Hovyũ,animal+color
Zorro bonito,Aguara porã,sintagma nominal
Hormiga bonito,Tapi'í porã,sintagma nominal
Aceite feo,Aceite vai,sintagma nominal
Verde,Hovyũ,color
Esposo,Ména,familia
Zorrino barato,Suru hepy'ỹ,sintagma nominal
Azúcar rápido,Azuka pya'e,sintagma nominal
Maestro,Mbo'ehára,escuela
Lechuza caro,Mbopi'i hepy,sintagma nominal
Caballo azul,Kavaju Hovy,animal+color
Banana bonito,Pakova porã,sintagma nominal
Arroz pequeño,Arro michĩ,sintagma nominal
Buho lento,Urukure'a mbeguemi,sintagma nominal
Naranja barato,Narã yva hepy'ỹ,sintagma nominal
Huevo pequeño,Rupi'a michĩ,sintagma nominal
Tortuga pequeño,Karaí michĩ,sintagma nominal
Harina rápido,Harina pya'e,sintagma nominal
Huevo nuevo,Rupi'a pyahu,sintagma nominal
Lechuza rápido,Mbopi'i pya'e,sintagma nominal
Murciélago blanco,Mbopi Morotĩ,animal+color
Sandía barato,Sandía hepy'ỹ,sintagma nominal
Sapo naranja,Kururu Narã,animal+color
Estrella viejo,Mbyja tuja,sintagma nominal
Mercado lento,Merkádo mbeguemi,sintagma nominal
Ventana caro,Ovetã hepy,sintagma nominal
Murciélago amarillo,Mbopi Sa'yju,animal+color
Recordar,Mandu'a,verbo
Pato violeta,Pato Hovyũ pytã,animal+color
Escuela bonito,Mbo'ehao porã,sintagma nominal
Cocina rápido,Kokina pya'e,sintagma nominal
Habitación grande,Kotý guasu,sintagma nominal
Zorrino rápido,Suru pya'e,sintagma nominal
Ciudad caro,Táva hepy,sintagma nominal
Campo rápido,Okára pya'e,sintagma nominal
Pollo bonito,Ryguasu so'o porã,sintagma nominal
Nuestro hija,Ñande Rajy,posesivo+familia
Tereré nuevo,Tereré pyahu,sintagma nominal
Vaca,Vaka,animal
Tereré barato,Tereré hepy'ỹ,sintagma nominal
Pollo viejo,Ryguasu so'o tuja,sintagma nominal
Quiero repollo,Aipota Repollo,frase: deseo
Techo rápido,Apytere pya'e,sintagma nominal
Pájaro viejo,Guyra tuja,sintagma nominal
Pato nuevo,Pato pyahu,sintagma nominal
Pato blanco,Pato Morotĩ,animal+color
Sandía feo,Sandía vai,sintagma nominal
Carne grande,So'o guasu,sintagma nominal
Gato bonito,Mbarakaja porã,sintagma nominal
Nuestro abuelo,Ñande Taitaguasu,posesivo+familia
Mono naranja,Karaí kavaju? Narã,animal+color
Café barato,Kafe hepy'ỹ,sintagma nominal
Mariposa grande,Panambi guasu,sintagma nominal
Yacaré bonito,Jakare porã,sintagma nominal
Sapo lento,Kururu mbeguemi,sintagma nominal
Pollo feo,Ryguasu so'o vai,sintagma nominal
Quiero maíz,Aipota Avati,frase: deseo
Tu madre,Nde Sy,posesivo+familia
Selva feo,Ka'aguasu vai,sintagma nominal
Tortuga caro,Karaí hepy,sintagma nominal
Piso grande,Yvy guasu,sintagma nominal
Vaca naranja,Vaka Narã,animal+color
Loro amarillo,Tu'i Sa'yju,animal+color
Mandioca caro,Mandi'o hepy,sintagma nominal
Nueve,Porundy,número
Yacaré grande,Jakare guasu,sintagma nominal
Mariposa viejo,Panambi tuja,sintagma nominal
Fruta nuevo,Yva pyahu,sintagma nominal
Ajo caro,Ajo hepy,sintagma nominal
Azúcar barato,Azuka hepy'ỹ,sintagma nominal
Puerta viejo,Okẽ tuja,sintagma nominal
Gato feo,Mbarakaja vai,sintagma nominal
Zorrino viejo,Suru tuja,sintagma nominal
Zorrino negro,Suru Hũ,animal+color
Abeja feo,Eíra vai,sintagma nominal
Quiero banana,Aipota Pakova,frase: deseo
Buho verde,Urukure'a Hovyũ,animal+color
Nuestro hijo,Ñande Ta'ýra,posesivo+familia
Tío,Tío,familia
Comer,Karu,verbo
Hospital viejo,Pohãno renda tuja,sintagma nominal
Mono caro,Karaí kavaju? hepy,sintagma nominal
Zorrino feo,Suru vai,sintagma nominal
Murciélago barato,Mbopi hepy'ỹ,sintagma nominal
Tu padre,Nde Túva,posesivo+familia
Mono feo,Karaí kavaju? vai,sintagma nominal
Mono rojo,Karaí kavaju? Pytã,animal+color
Mono verde,Karaí kavaju? Hovyũ,animal+color
Tereré bonito,Tereré porã,sintagma nominal
Sapo amarillo,Kururu Sa'yju,animal+color
Estrella,Mbyja,lugar/naturaleza
Nuestro (excl.) prima,Ore Príma,posesivo+familia
Nuestro prima,Ñande Príma,posesivo+familia
Gallina blanco,Ryguasu Morotĩ,animal+color
Sapo grande,Kururu guasu,sintagma nominal
Amigo,Angirũ,familia
Quiero yerba mate,Aipota Ka'a,frase: deseo
Águila rosa,Taguato Pytã asy,animal+color
Silla nuevo,Guapyha pyahu,sintagma nominal
Tereré grande,Tereré guasu,sintagma nominal
Gato,Mbarakaja,animal
Sal,Juky,alimento
Loro naranja,Tu'i Narã,animal+color
Loro viejo,Tu'i tuja,sintagma nominal
Zorro rojo,Aguara Pytã,animal+color
Repollo,Repollo,verdura
Harina pequeño,Harina michĩ,sintagma nominal
Harina lento,Harina mbeguemi,sintagma nominal
Sal grande,Juky guasu,sintagma nominal
Caballo violeta,Kavaju Hovyũ pytã,animal+color
Cerdo bonito,Kure porã,sintagma nominal
Vaca amarillo,Vaka Sa'yju,animal+color
Fuego lento,Tata mbeguemi,sintagma nominal
Zorrino azul,Suru Hovy,animal+color
Tenedor rápido,Tenédor pya'e,sintagma nominal
Pato bonito,Pato porã,sintagma nominal
Mariposa amarillo,Panambi Sa'yju,animal+color
Pez bonito,Pira porã,sintagma nominal
Plaza,Plása,lugar/naturaleza
Sapo rojo,Kururu Pytã,animal+color
Yacaré viejo,Jakare tuja,sintagma nominal
Banana grande,Pakova guasu,sintagma nominal
Campo nuevo,Okára pyahu,sintagma nominal
Yacaré amarillo,Jakare Sa'yju,animal+color
Leche,Kamby,alimento
Gallina viejo,Ryguasu tuja,sintagma nominal
Lechuza,Mbopi'i,animal
Tereré caro,Tereré hepy,sintagma nominal
Diente,Tã,cuerpo
Aceite pequeño,Aceite michĩ,sintagma nominal
Gato negro,Mbarakaja Hũ,animal+color
Pollo barato,Ryguasu so'o hepy'ỹ,sintagma nominal
Perro lento,Jagua mbeguemi,sintagma nominal
Viento pequeño,Yvytu michĩ,sintagma nominal
Clase,Mbo'epy,escuela
Papaya nuevo,Mamón pyahu,sintagma nominal
Sapo bonito,Kururu porã,sintagma nominal
Cerdo pequeño,Kure michĩ,sintagma nominal
Queso rápido,Kesú pya'e,sintagma nominal
Loro barato,Tu'i hepy'ỹ,sintagma nominal
Pato caro,Pato hepy,sintagma nominal
Águila rápido,Taguato pya'e,sintagma nominal
Carne,So'o,alimento
Ciudad feo,Táva vai,sintagma nominal
Mariposa azul,Panambi Hovy,animal+color
Café grande,Kafe guasu,sintagma nominal
Sandía lento,Sandía mbeguemi,sintagma nominal
Lluvia pequeño,Ama michĩ,sintagma nominal
Café,Kafe,alimento
Huevo viejo,Rupi'a tuja,sintagma nominal
Arroz caro,Arro hepy,sintagma nominal
Ciudad bonito,Táva porã,sintagma nominal
Habitación lento,Kotý mbeguemi,sintagma nominal
Estrella feo,Mbyja vai,sintagma nominal
Tierra feo,Yvy vai,sintagma nominal
Armadillo verde,Tatu Hovyũ,animal+color
Vaca caro,Vaka hepy,sintagma nominal
Buho azul,Urukure'a Hovy,animal+color
Loro grande,Tu'i guasu,sintagma nominal
Naranja grande,Narã yva guasu,sintagma nominal
Azúcar feo,Azuka vai,sintagma nominal
Mi esposo,Che Ména,posesivo+familia
Pan nuevo,Mbujapé pyahu,sintagma nominal
Murciélago grande,Mbopi guasu,sintagma nominal
Selva lento,Ka'aguasu mbeguemi,sintagma nominal
Selva caro,Ka'aguasu hepy,sintagma nominal
Luna nuevo,Jasy pyahu,sintagma nominal
Abeja rojo,Eíra Pytã,animal+color
Cebolla rápido,Sevolla pya'e,sintagma nominal
Murciélago naranja,Mbopi Narã,animal+color
Gallina violeta,Ryguasu Hovyũ pytã,animal+color
Luna rápido,Jasy pya'e,sintagma nominal
Quiero sal,Aipota Juky,frase: deseo
Manzana lento,Yva pytã mbeguemi,sintagma nominal
Pan,Mbujapé,alimento
Hija,Rajy,familia
Azúcar bonito,Azuka porã,sintagma nominal
Buho barato,Urukure'a hepy'ỹ,sintagma nominal
Zorro,Aguara,animal
Necesito río,Aikotevẽ Ysyry,frase: necesidad
Cinco,Po,número
Tu hija,Nde Rajy,posesivo+familia
Campo feo,Okára vai,sintagma nominal
Sandía bonito,Sandía porã,sintagma nominal
Perro marrón,Jagua Hũ sa'yju,animal+color
Mesa viejo,Atyha tuja,sintagma nominal
Abeja blanco,Eíra Morotĩ,animal+color
Campo,Okára,lugar/naturaleza
Mercado pequeño,Merkádo michĩ,sintagma nominal
Quiero cebolla,Aipota Sevolla,frase: deseo
Armadillo viejo,Tatu tuja,sintagma nominal
Abuelo,Taitaguasu,familia
Pato lento,Pato mbeguemi,sintagma nominal
Mano,Po,cuerpo
Yacaré negro,Jakare Hũ,animal+color
Abeja amarillo,Eíra Sa'yju,animal+color
Viento grande,Yvytu guasu,sintagma nominal
Tu amigo,Nde Angirũ,posesivo+familia
Baño caro,Jahuha hepy,sintagma nominal
Uva pequeño,Yva rykue michĩ,sintagma nominal
Vaso caro,Hy'áiha hepy,sintagma nominal
Quiero fruta,Aipota Yva,frase: deseo
Abrir,Pe'a,verbo
Hospital barato,Pohãno renda hepy'ỹ,sintagma nominal
Tomate bonito,Tomáte porã,sintagma nominal
Cuchillo pequeño,Kuchillo michĩ,sintagma nominal
Caminar,Guata,verbo
Mercado rápido,Merkádo pya'e,sintagma nominal
Pájaro lento,Guyra mbeguemi,sintagma nominal
Ocho,Poapy,número
Quiero harina,Aipota Harina,frase: deseo
Quiero aceite,Aipota Aceite,frase: deseo
Sal rápido,Juky pya'e,sintagma nominal
Gallina rojo,Ryguasu Pytã,animal+color
Sal barato,Juky hepy'ỹ,sintagma nominal
Lechuza naranja,Mbopi'i Narã,animal+color
Gallina,Ryguasu,animal
Tereré pequeño,Tereré michĩ,sintagma nominal
Casa bonito,Óga porã,sintagma nominal
Tu esposo,Nde Ména,posesivo+familia
Cocina nuevo,Kokina pyahu,sintagma nominal
Tereré lento,Tereré mbeguemi,sintagma nominal
Colibrí naranja,Mainumby Narã,animal+color
Vaso pequeño,Hy'áiha michĩ,sintagma nominal
Mesa feo,Atyha vai,sintagma nominal
Piso,Yvy,hogar
Mi tía,Che Tía,posesivo+familia
Arroz viejo,Arro tuja,sintagma nominal
Zorro rosa,Aguara Pytã asy,animal+color
Papaya grande,Mamón guasu,sintagma nominal
Lluvia viejo,Ama tuja,sintagma nominal
Pez viejo,Pira tuja,sintagma nominal
Hormiga caro,Tapi'í hepy,sintagma nominal
Pato naranja,Pato Narã,animal+color
Vaso feo,Hy'áiha vai,sintagma nominal
Pollo lento,Ryguasu so'o mbeguemi,sintagma nominal
Iglesia grande,Tupao guasu,sintagma nominal
Árbol feo,Yvyra vai,sintagma nominal
Perro naranja,Jagua Narã,animal+color
Tenedor bonito,Tenédor porã,sintagma nominal
Vaca blanco,Vaka Morotĩ,animal+color
Mandioca,Mandi'o,alimento
Selva barato,Ka'aguasu hepy'ỹ,sintagma nominal
Leche feo,Kamby vai,sintagma nominal
Tortuga marrón,Karaí Hũ sa'yju,animal+color
Vaca azul,Vaka Hovy,animal+color
Marrón,Hũ sa'yju,color
Mono negro,Karaí kavaju? Hũ,animal+color
Hospital rápido,Pohãno renda pya'e,sintagma nominal
Cuchara bonito,Kucharã porã,sintagma nominal
Cerdo barato,Kure hepy'ỹ,sintagma nominal
Buenas noches,Pyhare porã,saludo
Necesito tenedor,Aikotevẽ Tenédor,frase: necesidad
Huevo,Rupi'a,alimento
Piso barato,Yvy hepy'ỹ,sintagma nominal
Beber,U,verbo
Gallina barato,Ryguasu hepy'ỹ,sintagma nominal
Tarea,Mba'apo róga,escuela
Hospital lento,Pohãno renda mbeguemi,sintagma nominal
Hormiga pequeño,Tapi'í michĩ,sintagma nominal
Escuela lento,Mbo'ehao mbeguemi,sintagma nominal
Pájaro nuevo,Guyra pyahu,sintagma nominal
Poroto,Kumanda,verdura
Necesito tierra,Aikotevẽ Yvy,frase: necesidad
Tenedor nuevo,Tenédor pyahu,sintagma nominal
Zorro naranja,Aguara Narã,animal+color
Lechuza blanco,Mbopi'i Morotĩ,animal+color
Mono rosa,Karaí kavaju? Pytã asy,animal+color
Sapo viejo,Kururu tuja,sintagma nominal
Sol grande,Kuarahy guasu,sintagma nominal
Mandioca rápido,Mandi'o pya'e,sintagma nominal
Habitación barato,Kotý hepy'ỹ,sintagma nominal
Caballo amarillo,Kavaju Sa'yju,animal+color
Zorrino rojo,Suru Pytã,animal+color
Manzana grande,Yva pytã guasu,sintagma nominal
Cama,Tupao,hogar
Cerdo rosa,Kure Pytã asy,animal+color
Fuego nuevo,Tata pyahu,sintagma nominal
Cebolla feo,Sevolla vai,sintagma nominal
Tenedor grande,Tenédor guasu,sintagma nominal
Escuela,Mbo'ehao,lugar/naturaleza
Libro,Kuatiarogue,escuela
Necesito plato,Aikotevẽ Atyha'i,frase: necesidad
Cuchara rápido,Kucharã pya'e,sintagma nominal
Aceite,Aceite,alimento
Cama viejo,Tupao tuja,sintagma nominal
Colibrí verde,Mainumby Hovyũ,animal+color
Tereré,Tereré,alimento
Pato viejo,Pato tuja,sintagma nominal
Silla feo,Guapyha vai,sintagma nominal
Hospital nuevo,Pohãno renda pyahu,sintagma nominal
Loro,Tu'i,animal
Vender,Ñemu,verbo
Viento rápido,Yvytu pya'e,sintagma nominal
Mariposa nuevo,Panambi pyahu,sintagma nominal
Águila feo,Taguato vai,sintagma nominal
Mesa rápido,Atyha pya'e,sintagma nominal
Tortuga amarillo,Karaí Sa'yju,animal+color
Cuchara pequeño,Kucharã michĩ,sintagma nominal
Estrella lento,Mbyja mbeguemi,sintagma nominal
Nariz,Tĩ,cuerpo
Pollo pequeño,Ryguasu so'o michĩ,sintagma nominal
Sal viejo,Juky tuja,sintagma nominal
Mono blanco,Karaí kavaju? Morotĩ,animal+color
Árbol nuevo,Yvyra pyahu,sintagma nominal
Colibrí,Mainumby,animal
Armadillo,Tatu,animal
Pez verde,Pira Hovyũ,animal+color
Lechuza lento,Mbopi'i mbeguemi,sintagma nominal
Leche bonito,Kamby porã,sintagma nominal
Mariposa lento,Panambi mbeguemi,sintagma nominal
Zorro blanco,Aguara Morotĩ,animal+color
Leer,Moñe'ẽ,verbo
Sapo blanco,Kururu Morotĩ,animal+color
Caballo naranja,Kavaju Narã,animal+color
Piña bonito,Karapepẽ porã,sintagma nominal
Abeja bonito,Eíra porã,sintagma nominal
Pez feo,Pira vai,sintagma nominal
Tortuga blanco,Karaí Morotĩ,animal+color
Murciélago pequeño,Mbopi michĩ,sintagma nominal
Patio pequeño,Kora michĩ,sintagma nominal
Vaso viejo,Hy'áiha tuja,sintagma nominal
Necesito techo,Aikotevẽ Apytere,frase: necesidad
Sol barato,Kuarahy hepy'ỹ,sintagma nominal
Caballo grande,Kavaju guasu,sintagma nominal
Perro rojo,Jagua Pytã,animal+color
Buho pequeño,Urukure'a michĩ,sintagma nominal
Nuestro esposo,Ñande Ména,posesivo+familia
Cocina,Kokina,hogar
Caballo rápido,Kavaju pya'e,sintagma nominal
Perro azul,Jagua Hovy,animal+color
Águila lento,Taguato mbeguemi,sintagma nominal
Yerba mate caro,Ka'a hepy,sintagma nominal
Nuestro (excl.) padre,Ore Túva,posesivo+familia
Banana barato,Pakova hepy'ỹ,sintagma nominal
Pez azul,Pira Hovy,animal+color
Puerta caro,Okẽ hepy,sintagma nominal
Maíz pequeño,Avati michĩ,sintagma nominal
Piña barato,Karapepẽ hepy'ỹ,sintagma nominal
Necesito plaza,Aikotevẽ Plása,frase: necesidad
Armadillo pequeño,Tatu michĩ,sintagma nominal
Hormiga naranja,Tapi'í Narã,animal+color
Arroz rápido,Arro pya'e,sintagma nominal
Perro viejo,Jagua tuja,sintagma nominal
Plaza rápido,Plása pya'e,sintagma nominal
Mercado feo,Merkádo vai,sintagma nominal
Cuchara barato,Kucharã hepy'ỹ,sintagma nominal
Colibrí nuevo,Mainumby pyahu,sintagma nominal
Lluvia barato,Ama hepy'ỹ,sintagma nominal
Pollo nuevo,Ryguasu so'o pyahu,sintagma nominal
Caballo rojo,Kavaju Pytã,animal+color
Mono amarillo,Karaí kavaju? Sa'yju,animal+color
Huevo feo,Rupi'a vai,sintagma nominal
Cuatro,Irundy,número
Puerta bonito,Okẽ porã,sintagma nominal
Cama nuevo,Tupao pyahu,sintagma nominal
Árbol lento,Yvyra mbeguemi,sintagma nominal
Hormiga nuevo,Tapi'í pyahu,sintagma nominal
Cerdo rojo,Kure Pytã,animal+color
Cuchillo bonito,Kuchillo porã,sintagma nominal
Vaca viejo,Vaka tuja,sintagma nominal
Gato lento,Mbarakaja mbeguemi,sintagma nominal
Sapo nuevo,Kururu pyahu,sintagma nominal
Papaya,Mamón,alimento
Olvidar,Resarái,verbo
Habitación feo,Kotý vai,sintagma nominal
Perdón,Eñyrõ,cortesía
Quiero café,Aipota Kafe,frase: deseo
Pez naranja,Pira Narã,animal+color
Plato rápido,Atyha'i pya'e,sintagma nominal
Tortuga rojo,Karaí Pytã,animal+color
Hormiga negro,Tapi'í Hũ,animal+color
Gallina rosa,Ryguasu Pytã asy,animal+color
Mariposa violeta,Panambi Hovyũ pytã,animal+color
Murciélago feo,Mbopi vai,sintagma nominal
Agua barato,Y hepy'ỹ,sintagma nominal
Gallina bonito,Ryguasu porã,sintagma nominal
Nuestro (excl.) abuelo,Ore Taitaguasu,posesivo+familia
Queso lento,Kesú mbeguemi,sintagma nominal
Agua rápido,Y pya'e,sintagma nominal
Huevo bonito,Rupi'a porã,sintagma nominal
Escuela grande,Mbo'ehao guasu,sintagma nominal
Agua pequeño,Y michĩ,sintagma nominal
Olla caro,Kyguãi hepy,sintagma nominal
Caballo lento,Kavaju mbeguemi,sintagma nominal
Arroz nuevo,Arro pyahu,sintagma nominal
Queso feo,Kesú vai,sintagma nominal
Puerta lento,Okẽ mbeguemi,sintagma nominal
Necesito estrella,Aikotevẽ Mbyja,frase: necesidad
Quiero pera,Aipota Perá,frase: deseo
Cerdo amarillo,Kure Sa'yju,animal+color
Perro pequeño,Jagua michĩ,sintagma nominal
Pato rosa,Pato Pytã asy,animal+color
Sal pequeño,Juky michĩ,sintagma nominal
Agua nuevo,Y pyahu,sintagma nominal
Quiero uva,Aipota Yva rykue,frase: deseo
Silla barato,Guapyha hepy'ỹ,sintagma nominal
Fruta feo,Yva vai,sintagma nominal
Río rápido,Ysyry pya'e,sintagma nominal
Pez rojo,Pira Pytã,animal+color
Tierra grande,Yvy guasu,sintagma nominal
Sapo caro,Kururu hepy,sintagma nominal
Sopa barato,Sopa hepy'ỹ,sintagma nominal
Necesito cocina,Aikotevẽ Kokina,frase: necesidad
Maíz nuevo,Avati pyahu,sintagma nominal
Ventana rápido,Ovetã pya'e,sintagma nominal
Selva rápido,Ka'aguasu pya'e,sintagma nominal
Sapo verde,Kururu Hovyũ,animal+color
Lechuza violeta,Mbopi'i Hovyũ pytã,animal+color
Pie,Py,cuerpo
Nuestro (excl.) esposa,Ore Tembireko,posesivo+familia
Sopa pequeño,Sopa michĩ,sintagma nominal
Buen viaje,Tape porã,deseo
Hormiga blanco,Tapi'í Morotĩ,animal+color
Águila barato,Taguato hepy'ỹ,sintagma nominal
Baño bonito,Jahuha porã,sintagma nominal
Mercado nuevo,Merkádo pyahu,sintagma nominal
Loro blanco,Tu'i Morotĩ,animal+color
Fuego pequeño,Tata michĩ,sintagma nominal
Carne bonito,So'o porã,sintagma nominal
Patio barato,Kora hepy'ỹ,sintagma nominal
Hormiga marrón,Tapi'í Hũ sa'yju,animal+color
Pez,Pira,animal
Tenedor feo,Tenédor vai,sintagma nominal
Baño,Jahuha,hogar
Quiero pimienta,Aipota Kỹikĩ,frase: deseo
Lluvia rápido,Ama pya'e,sintagma nominal
Zorro negro,Aguara Hũ,animal+color
Loro caro,Tu'i hepy,sintagma nominal
Gato grande,Mbarakaja guasu,sintagma nominal
Cerdo negro,Kure Hũ,animal+color
Ajo pequeño,Ajo michĩ,sintagma nominal
Naranja viejo,Narã yva tuja,sintagma nominal
Aceite lento,Aceite mbeguemi,sintagma nominal
Pollo,Ryguasu so'o,alimento
Aceite rápido,Aceite pya'e,sintagma nominal
Vaca rápido,Vaka pya'e,sintagma nominal
Colibrí rojo,Mainumby Pytã,animal+color
Loro rosa,Tu'i Pytã asy,animal+color
Viento viejo,Yvytu tuja,sintagma nominal
Pimienta pequeño,Kỹikĩ michĩ,sintagma nominal
Armadillo blanco,Tatu Morotĩ,animal+color
Negro,Hũ,color
Quiero mandioca,Aipota Mandi'o,frase: deseo
Yacaré nuevo,Jakare pyahu,sintagma nominal
Pájaro grande,Guyra guasu,sintagma nominal
Gallina lento,Ryguasu mbeguemi,sintagma nominal
Quiero azúcar,Aipota Azuka,frase: deseo
Queso caro,Kesú hepy,sintagma nominal
Carne lento,So'o mbeguemi,sintagma nominal
Tomate viejo,Tomáte tuja,sintagma nominal
Olla rápido,Kyguãi pya'e,sintagma nominal
Tía,Tía,familia
Loro azul,Tu'i Hovy,animal+color
Necesito escuela,Aikotevẽ Mbo'ehao,frase: necesidad
Uva grande,Yva rykue guasu,sintagma nominal
Quiero pan,Aipota Mbujapé,frase: deseo
Colibrí caro,Mainumby hepy,sintagma nominal
Pimienta lento,Kỹikĩ mbeguemi,sintagma nominal
Pez rápido,Pira pya'e,sintagma nominal
Fuego barato,Tata hepy'ỹ,sintagma nominal
Pollo caro,Ryguasu so'o hepy,sintagma nominal
Tenedor,Tenédor,hogar
Café bonito,Kafe porã,sintagma nominal
Mandioca nuevo,Mandi'o pyahu,sintagma nominal
Lago grande,Ypa guasu,sintagma nominal
Maíz viejo,Avati tuja,sintagma nominal
Vaca nuevo,Vaka pyahu,sintagma nominal
Abeja nuevo,Eíra pyahu,sintagma nominal
Violeta,Hovyũ pytã,color
Iglesia nuevo,Tupao pyahu,sintagma nominal
Pato,Pato,animal
Tierra pequeño,Yvy michĩ,sintagma nominal
Arroz,Arro,alimento
Árbol barato,Yvyra hepy'ỹ,sintagma nominal
Piña viejo,Karapepẽ tuja,sintagma nominal
Mariposa negro,Panambi Hũ,animal+color
Buho,Urukure'a,animal
Nuestro (excl.) madre,Ore Sy,posesivo+familia
Iglesia pequeño,Tupao michĩ,sintagma nominal
Piña caro,Karapepẽ hepy,sintagma nominal
Pato pequeño,Pato michĩ,sintagma nominal
Banana,Pakova,alimento
Gallina negro,Ryguasu Hũ,animal+color
Pájaro pequeño,Guyra michĩ,sintagma nominal
Iglesia rápido,Tupao pya'e,sintagma nominal
Pez rosa,Pira Pytã asy,animal+color
Escuela viejo,Mbo'ehao tuja,sintagma nominal
Plaza feo,Plása vai,sintagma nominal
Abeja marrón,Eíra Hũ sa'yju,animal+color
Nuestro (excl.) esposo,Ore Ména,posesivo+familia
Puerta barato,Okẽ hepy'ỹ,sintagma nominal
Pájaro rojo,Guyra Pytã,animal+color
Yacaré marrón,Jakare Hũ sa'yju,animal+color
Tortuga bonito,Karaí porã,sintagma nominal
Pato rojo,Pato Pytã,animal+color
Quiero piña,Aipota Karapepẽ,frase: deseo
Mi esposa,Che Tembireko,posesivo+familia
Ventana nuevo,Ovetã pyahu,sintagma nominal
Mariposa pequeño,Panambi michĩ,sintagma nominal
Hormiga feo,Tapi'í vai,sintagma nominal
Árbol bonito,Yvyra porã,sintagma nominal
Papaya barato,Mamón hepy'ỹ,sintagma nominal
Leche pequeño,Kamby michĩ,sintagma nominal
Banana nuevo,Pakova pyahu,sintagma nominal
Mi madre,Che Sy,posesivo+familia
Plato grande,Atyha'i guasu,sintagma nominal
Ajo nuevo,Ajo pyahu,sintagma nominal
Blanco,Morotĩ,color
Uva barato,Yva rykue hepy'ỹ,sintagma nominal
Lago pequeño,Ypa michĩ,sintagma nominal
Lechuza viejo,Mbopi'i tuja,sintagma nominal
Mesa bonito,Atyha porã,sintagma nominal
Abuela,Jarýi,familia
Mi primo,Che Prímo,posesivo+familia
Colibrí rosa,Mainumby Pytã asy,animal+color
Loro pequeño,Tu'i michĩ,sintagma nominal
Viento barato,Yvytu hepy'ỹ,sintagma nominal
Fuego caro,Tata hepy,sintagma nominal
Abeja rosa,Eíra Pytã asy,animal+color
Perro caro,Jagua hepy,sintagma nominal
Amarillo,Sa'yju,color
Abeja viejo,Eíra tuja,sintagma nominal
Casa grande,Óga guasu,sintagma nominal
Pez blanco,Pira Morotĩ,animal+color
Nuestro (excl.) hija,Ore Rajy,posesivo+familia
Cama feo,Tupao vai,sintagma nominal
Pájaro marrón,Guyra Hũ sa'yju,animal+color
Olla pequeño,Kyguãi michĩ,sintagma nominal
Pan feo,Mbujapé vai,sintagma nominal
Piso feo,Yvy vai,sintagma nominal
Ciudad nuevo,Táva pyahu,sintagma nominal
Colibrí lento,Mainumby mbeguemi,sintagma nominal
Techo lento,Apytere mbeguemi,sintagma nominal
Quiero leche,Aipota Kamby,frase: deseo
Águila blanco,Taguato Morotĩ,animal+color
Iglesia lento,Tupao mbeguemi,sintagma nominal
Piña lento,Karapepẽ mbeguemi,sintagma nominal
Mariposa verde,Panambi Hovyũ,animal+color
Murciélago caro,Mbopi hepy,sintagma nominal
Cerdo viejo,Kure tuja,sintagma nominal
Naranja rápido,Narã yva pya'e,sintagma nominal
Harina grande,Harina guasu,sintagma nominal
Uva nuevo,Yva rykue pyahu,sintagma nominal
Siete,Pokõi,número
Sopa viejo,Sopa tuja,sintagma nominal
Vaso bonito,Hy'áiha porã,sintagma nominal
Mandioca lento,Mandi'o mbeguemi,sintagma nominal
Águila negro,Taguato Hũ,animal+color
Papaya rápido,Mamón pya'e,sintagma nominal
Carne nuevo,So'o pyahu,sintagma nominal
Gato amarillo,Mbarakaja Sa'yju,animal+color
Maíz,Avati,alimento
Murciélago marrón,Mbopi Hũ sa'yju,animal+color
Mesa pequeño,Atyha michĩ,sintagma nominal
Techo barato,Apytere hepy'ỹ,sintagma nominal
Buho grande,Urukure'a guasu,sintagma nominal
Murciélago azul,Mbopi Hovy,animal+color
Harina feo,Harina vai,sintagma nominal
Nuestro abuela,Ñande Jarýi,posesivo+familia
Tortuga lento,Karaí mbeguemi,sintagma nominal
Luna viejo,Jasy tuja,sintagma nominal
Cuaderno,Kuatiakuéra,escuela
Sol rápido,Kuarahy pya'e,sintagma nominal
Pimienta bonito,Kỹikĩ porã,sintagma nominal
Naranja feo,Narã yva vai,sintagma nominal
Caballo bonito,Kavaju porã,sintagma nominal
Zorrino lento,Suru mbeguemi,sintagma nominal
Naranja,Narã yva,alimento
Techo viejo,Apytere tuja,sintagma nominal
Mi padre,Che Túva,posesivo+familia
Huevo rápido,Rupi'a pya'e,sintagma nominal
Pez negro,Pira Hũ,animal+color
Mono viejo,Karaí kavaju? tuja,sintagma nominal
Tu abuela,Nde Jarýi,posesivo+familia
Estrella rápido,Mbyja pya'e,sintagma nominal
Uva lento,Yva rykue mbeguemi,sintagma nominal
Casa rápido,Óga pya'e,sintagma nominal
Pez amarillo,Pira Sa'yju,animal+color
Vaca rosa,Vaka Pytã asy,animal+color
Lago lento,Ypa mbeguemi,sintagma nominal
Cama grande,Tupao guasu,sintagma nominal
Habitación viejo,Kotý tuja,sintagma nominal
Hospital grande,Pohãno renda guasu,sintagma nominal
Plaza caro,Plása hepy,sintagma nominal
Mi tío,Che Tío,posesivo+familia
Selva nuevo,Ka'aguasu pyahu,sintagma nominal
Maíz rápido,Avati pya'e,sintagma nominal
Cerdo violeta,Kure Hovyũ pytã,animal+color
Huevo grande,Rupi'a guasu,sintagma nominal
Gallina marrón,Ryguasu Hũ sa'yju,animal+color
Sapo rápido,Kururu pya'e,sintagma nominal
Harina barato,Harina hepy'ỹ,sintagma nominal
Abeja pequeño,Eíra michĩ,sintagma nominal
Campo lento,Okára mbeguemi,sintagma nominal
Padre,Túva,familia
Manzana viejo,Yva pytã tuja,sintagma nominal
Tu prima,Nde Príma,posesivo+familia
Carne rápido,So'o pya'e,sintagma nominal
Vaca feo,Vaka vai,sintagma nominal
Baño grande,Jahuha guasu,sintagma nominal
Azúcar viejo,Azuka tuja,sintagma nominal
Camino grande,Tape guasu,sintagma nominal
Leche caro,Kamby hepy,sintagma nominal
Río pequeño,Ysyry michĩ,sintagma nominal
Casa viejo,Óga tuja,sintagma nominal
Azúcar nuevo,Azuka pyahu,sintagma nominal
Iglesia viejo,Tupao tuja,sintagma nominal
Armadillo rosa,Tatu Pytã asy,animal+color
Plato feo,Atyha'i vai,sintagma nominal
Cuchillo nuevo,Kuchillo pyahu,sintagma nominal
Banana pequeño,Pakova michĩ,sintagma nominal
Perro rápido,Jagua pya'e,sintagma nominal
Sopa lento,Sopa mbeguemi,sintagma nominal
Pan rápido,Mbujapé pya'e,sintagma nominal
Selva,Ka'aguasu,lugar/naturaleza
Ventana pequeño,Ovetã michĩ,sintagma nominal
Pez nuevo,Pira pyahu,sintagma nominal
Fruta bonito,Yva porã,sintagma nominal
Vaca bonito,Vaka porã,sintagma nominal
Manzana bonito,Yva pytã porã,sintagma nominal
Necesito mercado,Aikotevẽ Merkádo,frase: necesidad
Ventana barato,Ovetã hepy'ỹ,sintagma nominal
Habitación rápido,Kotý pya'e,sintagma nominal
Sol nuevo,Kuarahy pyahu,sintagma nominal
Pan viejo,Mbujapé tuja,sintagma nominal
Hablar,Ñe'ẽ,verbo
Mi hija,Che Rajy,posesivo+familia
Tu vecino,Nde Vecino,posesivo+familia
Hospital pequeño,Pohãno renda michĩ,sintagma nominal
Brazo,Jyva,cuerpo
Azúcar grande,Azuka guasu,sintagma nominal
Naranja bonito,Narã yva porã,sintagma nominal
Yerba mate lento,Ka'a mbeguemi,sintagma nominal
Iglesia bonito,Tupao porã,sintagma nominal
Azúcar caro,Azuka hepy,sintagma nominal
Estoy bien,Iporã,respuesta
Quiero frutilla,Aipota Frutilla,frase: deseo
Tierra lento,Yvy mbeguemi,sintagma nominal
Hospital,Pohãno renda,lugar/naturaleza
Cerdo blanco,Kure Morotĩ,animal+color
Colibrí blanco,Mainumby Morotĩ,animal+color
Cocina grande,Kokina guasu,sintagma nominal
Quiero pollo,Aipota Ryguasu so'o,frase: deseo
Sol viejo,Kuarahy tuja,sintagma nominal
Quiero mango,Aipota Mango,frase: deseo
Perro blanco,Jagua Morotĩ,animal+color
Cuchara feo,Kucharã vai,sintagma nominal
Nuestro padre,Ñande Túva,posesivo+familia
Zorro caro,Aguara hepy,sintagma nominal
Murciélago rosa,Mbopi Pytã asy,animal+color
Manzana caro,Yva pytã hepy,sintagma nominal
Harina,Harina,alimento
Mercado grande,Merkádo guasu,sintagma nominal
Fruta rápido,Yva pya'e,sintagma nominal
Manzana barato,Yva pytã hepy'ỹ,sintagma nominal
Silla grande,Guapyha guasu,sintagma nominal
Cerdo verde,Kure Hovyũ,animal+color
Yacaré,Jakare,animal
Azul,Hovy,color
Tu tía,Nde Tía,posesivo+familia
Perro violeta,Jagua Hovyũ pytã,animal+color
Pan barato,Mbujapé hepy'ỹ,sintagma nominal
Caballo verde,Kavaju Hovyũ,animal+color
Necesito lluvia,Aikotevẽ Ama,frase: necesidad
Viento bonito,Yvytu porã,sintagma nominal
Vaca verde,Vaka Hovyũ,animal+color
Iglesia feo,Tupao vai,sintagma nominal
Harina caro,Harina hepy,sintagma nominal
Agua bonito,Y porã,sintagma nominal
Zanahoria,Zanahoria,verdura
Abeja violeta,Eíra Hovyũ pytã,animal+color
Río caro,Ysyry hepy,sintagma nominal
Selva bonito,Ka'aguasu porã,sintagma nominal
Fuego feo,Tata vai,sintagma nominal
Habitación pequeño,Kotý michĩ,sintagma nominal
Tortuga verde,Karaí Hovyũ,animal+color
Sandía,Sandía,alimento
Tierra caro,Yvy hepy,sintagma nominal
Prima,Príma,familia
Ciudad viejo,Táva tuja,sintagma nominal
Escuela barato,Mbo'ehao hepy'ỹ,sintagma nominal
Aceite nuevo,Aceite pyahu,sintagma nominal
Sal nuevo,Juky pyahu,sintagma nominal
Escuela nuevo,Mbo'ehao pyahu,sintagma nominal
Sandía caro,Sandía hepy,sintagma nominal
Baño viejo,Jahuha tuja,sintagma nominal
Pájaro negro,Guyra Hũ,animal+color
Viento lento,Yvytu mbeguemi,sintagma nominal
Tomate feo,Tomáte vai,sintagma nominal
Casa nuevo,Óga pyahu,sintagma nominal
Quiero arroz,Aipota Arro,frase: deseo
Yacaré blanco,Jakare Morotĩ,animal+color
Tierra rápido,Yvy pya'e,sintagma nominal
Olla lento,Kyguãi mbeguemi,sintagma nominal
Cuchara viejo,Kucharã tuja,sintagma nominal
Hospital caro,Pohãno renda hepy,sintagma nominal
Quiero pimiento,Aipota Pimiẽta,frase: deseo
Gato marrón,Mbarakaja Hũ sa'yju,animal+color
Tortuga violeta,Karaí Hovyũ pytã,animal+color
Zorro amarillo,Aguara Sa'yju,animal+color
Buenos días,Ko'ẽ porã,saludo
Carne viejo,So'o tuja,sintagma nominal
Piso lento,Yvy mbeguemi,sintagma nominal
Leche lento,Kamby mbeguemi,sintagma nominal
Olla grande,Kyguãi guasu,sintagma nominal
Mariposa rojo,Panambi Pytã,animal+color
Mono bonito,Karaí kavaju? porã,sintagma nominal
Maíz lento,Avati mbeguemi,sintagma nominal
Armadillo barato,Tatu hepy'ỹ,sintagma nominal
Gallina verde,Ryguasu Hovyũ,animal+color
Vaso barato,Hy'áiha hepy'ỹ,sintagma nominal
Yacaré feo,Jakare vai,sintagma nominal
Tierra bonito,Yvy porã,sintagma nominal
Agua grande,Y guasu,sintagma nominal
Río viejo,Ysyry tuja,sintagma nominal
Plato barato,Atyha'i hepy'ỹ,sintagma nominal
Quiero sandía,Aipota Sandía,frase: deseo
Hormiga viejo,Tapi'í tuja,sintagma nominal
Hormiga barato,Tapi'í hepy'ỹ,sintagma nominal
Luna,Jasy,lugar/naturaleza
Yerba mate viejo,Ka'a tuja,sintagma nominal
Camino barato,Tape hepy'ỹ,sintagma nominal
Águila violeta,Taguato Hovyũ pytã,animal+color
Hola,Maitei,saludo
Naranja lento,Narã yva mbeguemi,sintagma nominal
Perro nuevo,Jagua pyahu,sintagma nominal
Baño lento,Jahuha mbeguemi,sintagma nominal
Armadillo caro,Tatu hepy,sintagma nominal
Lechuza nuevo,Mbopi'i pyahu,sintagma nominal
Banana rápido,Pakova pya'e,sintagma nominal
Naranja pequeño,Narã yva michĩ,sintagma nominal
Tereré viejo,Tereré tuja,sintagma nominal
Pez lento,Pira mbeguemi,sintagma nominal
Sol pequeño,Kuarahy michĩ,sintagma nominal
Tereré feo,Tereré vai,sintagma nominal
Pájaro naranja,Guyra Narã,animal+color
Tomate,Tomáte,alimento
Gallina feo,Ryguasu vai,sintagma nominal
Murciélago lento,Mbopi mbeguemi,sintagma nominal
Gallina grande,Ryguasu guasu,sintagma nominal
Pájaro feo,Guyra vai,sintagma nominal
Murciélago,Mbopi,animal
Fuego bonito,Tata porã,sintagma nominal
Pan bonito,Mbujapé porã,sintagma nominal
Mi abuela,Che Jarýi,posesivo+familia
Luna feo,Jasy vai,sintagma nominal
Cuchillo lento,Kuchillo mbeguemi,sintagma nominal
Quiero huevo,Aipota Rupi'a,frase: deseo
Armadillo bonito,Tatu porã,sintagma nominal
Tierra nuevo,Yvy pyahu,sintagma nominal
Pan grande,Mbujapé guasu,sintagma nominal
Buho marrón,Urukure'a Hũ sa'yju,animal+color
Abeja,Eíra,animal
Puerta grande,Okẽ guasu,sintagma nominal
Necesito piso,Aikotevẽ Yvy,frase: necesidad
Olla barato,Kyguãi hepy'ỹ,sintagma nominal
Luna grande,Jasy guasu,sintagma nominal
Sopa nuevo,Sopa pyahu,sintagma nominal
Colibrí negro,Mainumby Hũ,animal+color
Casa barato,Óga hepy'ỹ,sintagma nominal
Queso viejo,Kesú tuja,sintagma nominal
Cebolla,Sevolla,alimento
Plaza viejo,Plása tuja,sintagma nominal
Pájaro amarillo,Guyra Sa'yju,animal+color
Necesito mesa,Aikotevẽ Atyha,frase: necesidad
Zorrino nuevo,Suru pyahu,sintagma nominal
Cocina bonito,Kokina porã,sintagma nominal
Agua viejo,Y tuja,sintagma nominal
Fuego rápido,Tata pya'e,sintagma nominal
Sapo azul,Kururu Hovy,animal+color
Mariposa,Panambi,animal
Agua caro,Y hepy,sintagma nominal
Mariposa naranja,Panambi Narã,animal+color
Yacaré naranja,Jakare Narã,animal+color
Zorro pequeño,Aguara michĩ,sintagma nominal
Armadillo rojo,Tatu Pytã,animal+color
Mono barato,Karaí kavaju? hepy'ỹ,sintagma nominal
Luna caro,Jasy hepy,sintagma nominal
Gato verde,Mbarakaja Hovyũ,animal+color
Quiero mandarina,Aipota Mandarina,frase: deseo
Zorrino verde,Suru Hovyũ,animal+color
Estrella nuevo,Mbyja pyahu,sintagma nominal
Quiero tomate,Aipota Tomáte,frase: deseo
Ciudad grande,Táva guasu,sintagma nominal
Río lento,Ysyry mbeguemi,sintagma nominal
Uva,Yva rykue,alimento
Gallina amarillo,Ryguasu Sa'yju,animal+color
Yerba mate rápido,Ka'a pya'e,sintagma nominal
Mono violeta,Karaí kavaju? Hovyũ pytã,animal+color
Caballo nuevo,Kavaju pyahu,sintagma nominal
Queso,Kesú,alimento
Mono marrón,Karaí kavaju? Hũ sa'yju,animal+color
Zorro barato,Aguara hepy'ỹ,sintagma nominal
Águila nuevo,Taguato pyahu,sintagma nominal
Vaca barato,Vaka hepy'ỹ,sintagma nominal
Fruta barato,Yva hepy'ỹ,sintagma nominal
Café caro,Kafe hepy,sintagma nominal
Necesito cuchillo,Aikotevẽ Kuchillo,frase: necesidad
Patio grande,Kora guasu,sintagma nominal
Pato azul,Pato Hovy,animal+color
Fuego viejo,Tata tuja,sintagma nominal
Muchas gracias,Aguyje eterei,cortesía
Melón,Melón,fruta
Cuchillo grande,Kuchillo guasu,sintagma nominal
Yacaré barato,Jakare hepy'ỹ,sintagma nominal
Quiero lechuga,Aipota Lechuga,frase: deseo
Boca,Juru,cuerpo
Lechuza pequeño,Mbopi'i michĩ,sintagma nominal
Águila caro,Taguato hepy,sintagma nominal
Pimienta barato,Kỹikĩ hepy'ỹ,sintagma nominal
Patio rápido,Kora pya'e,sintagma nominal
Murciélago rojo,Mbopi Pytã,animal+color
Lluvia nuevo,Ama pyahu,sintagma nominal
Zorrino amarillo,Suru Sa'yju,animal+color
Tenedor pequeño,Tenédor michĩ,sintagma nominal
Piso pequeño,Yvy michĩ,sintagma nominal
Quiero calabaza,Aipota Kurapepẽ,frase: deseo
Lechuza grande,Mbopi'i guasu,sintagma nominal
Pájaro blanco,Guyra Morotĩ,animal+color
Vaca rojo,Vaka Pytã,animal+color
Quiero melón,Aipota Melón,frase: deseo
Pato marrón,Pato Hũ sa'yju,animal+color
Gato naranja,Mbarakaja Narã,animal+color
Plato viejo,Atyha'i tuja,sintagma nominal
Gato barato,Mbarakaja hepy'ỹ,sintagma nominal
Tres,Mbohapy,número
Lechuza bonito,Mbopi'i porã,sintagma nominal
Olla feo,Kyguãi vai,sintagma nominal
Piña nuevo,Karapepẽ pyahu,sintagma nominal
Sapo barato,Kururu hepy'ỹ,sintagma nominal
Zorrino grande,Suru guasu,sintagma nominal
Tenedor viejo,Tenédor tuja,sintagma nominal
Campo grande,Okára guasu,sintagma nominal
Cama rápido,Tupao pya'e,sintagma nominal
Pato feo,Pato vai,sintagma nominal
Sol caro,Kuarahy hepy,sintagma nominal
Pato amarillo,Pato Sa'yju,animal+color
Cerdo nuevo,Kure pyahu,sintagma nominal
Ajo grande,Ajo guasu,sintagma nominal
Lechuza rojo,Mbopi'i Pytã,animal+color
Papaya lento,Mamón mbeguemi,sintagma nominal
Mercado,Merkádo,lugar/naturaleza
Perro rosa,Jagua Pytã asy,animal+color
Caballo viejo,Kavaju tuja,sintagma nominal
Sopa bonito,Sopa porã,sintagma nominal
Seis,Poteĩ,número
Iglesia,Tupao,lugar/naturaleza
Gallina pequeño,Ryguasu michĩ,sintagma nominal
Sopa grande,Sopa guasu,sintagma nominal
Plato caro,Atyha'i hepy,sintagma nominal
Pato negro,Pato Hũ,animal+color
Tu primo,Nde Prímo,posesivo+familia
Tortuga barato,Karaí hepy'ỹ,sintagma nominal
Silla bonito,Guapyha porã,sintagma nominal
Lago viejo,Ypa tuja,sintagma nominal
Murciélago negro,Mbopi Hũ,animal+color
Habitación caro,Kotý hepy,sintagma nominal
Selva pequeño,Ka'aguasu michĩ,sintagma nominal
Manzana rápido,Yva pytã pya'e,sintagma nominal
Vaca pequeño,Vaka michĩ,sintagma nominal
Maíz bonito,Avati porã,sintagma nominal
Esposa,Tembireko,familia
Ajo,Ajo,alimento
Cama caro,Tupao hepy,sintagma nominal
Cerdo grande,Kure guasu,sintagma nominal
Vaca marrón,Vaka Hũ sa'yju,animal+color
Leche grande,Kamby guasu,sintagma nominal
Mesa lento,Atyha mbeguemi,sintagma nominal
Fuego,Tata,lugar/naturaleza
Viento,Yvytu,lugar/naturaleza
Loro verde,Tu'i Hovyũ,animal+color
Hijo,Ta'ýra,familia
Ajo rápido,Ajo pya'e,sintagma nominal
Casa,Óga,hogar
Armadillo naranja,Tatu Narã,animal+color
Sandía pequeño,Sandía michĩ,sintagma nominal
Pimienta feo,Kỹikĩ vai,sintagma nominal
Aceite grande,Aceite guasu,sintagma nominal
Pez grande,Pira guasu,sintagma nominal
Cabeza,Akã,cuerpo
Puerta,Okẽ,hogar
Lago nuevo,Ypa pyahu,sintagma nominal
Yacaré rápido,Jakare pya'e,sintagma nominal
Piña rápido,Karapepẽ pya'e,sintagma nominal
Pato grande,Pato guasu,sintagma nominal
Mesa,Atyha,hogar
Lechuza marrón,Mbopi'i Hũ sa'yju,animal+color
Plato pequeño,Atyha'i michĩ,sintagma nominal
Buho negro,Urukure'a Hũ,animal+color
Armadillo azul,Tatu Hovy,animal+color
Pollo grande,Ryguasu so'o guasu,sintagma nominal
Pájaro bonito,Guyra porã,sintagma nominal
Loro nuevo,Tu'i pyahu,sintagma nominal
Tenedor caro,Tenédor hepy,sintagma nominal
Arroz lento,Arro mbeguemi,sintagma nominal
Patio viejo,Kora tuja,sintagma nominal
Hospital feo,Pohãno renda vai,sintagma nominal
¿Cómo estás?,Mba'éichapa,saludo/estado
Plaza grande,Plása guasu,sintagma nominal
Abeja azul,Eíra Hovy,animal+color
Mariposa feo,Panambi vai,sintagma nominal
Nuestro (excl.) amigo,Ore Angirũ,posesivo+familia
Lechuza azul,Mbopi'i Hovy,animal+color
Aceite barato,Aceite hepy'ỹ,sintagma nominal
Hormiga rápido,Tapi'í pya'e,sintagma nominal
Leche nuevo,Kamby pyahu,sintagma nominal
Abeja verde,Eíra Hovyũ,animal+color
Mesa caro,Atyha hepy,sintagma nominal
Necesito árbol,Aikotevẽ Yvyra,frase: necesidad
Naranja,Narã,color
Piña pequeño,Karapepẽ michĩ,sintagma nominal
Ojo,Tesa,cuerpo
Perro verde,Jagua Hovyũ,animal+color
Gato pequeño,Mbarakaja michĩ,sintagma nominal
Azúcar pequeño,Azuka michĩ,sintagma nominal
Estudiante,Temimbo'e,escuela
Cocina lento,Kokina mbeguemi,sintagma nominal
Mandioca pequeño,Mandi'o michĩ,sintagma nominal
Hormiga lento,Tapi'í mbeguemi,sintagma nominal
Sapo marrón,Kururu Hũ sa'yju,animal+color
Lechuza barato,Mbopi'i hepy'ỹ,sintagma nominal
Tortuga azul,Karaí Hovy,animal+color
Sal bonito,Juky porã,sintagma nominal
Quiero papaya,Aipota Mamón,frase: deseo
Abeja rápido,Eíra pya'e,sintagma nominal
Buho naranja,Urukure'a Narã,animal+color
Cocina feo,Kokina vai,sintagma nominal
Pájaro violeta,Guyra Hovyũ pytã,animal+color
Viento caro,Yvytu hepy,sintagma nominal
Pan caro,Mbujapé hepy,sintagma nominal
Habitación,Kotý,hogar
Perro amarillo,Jagua Sa'yju,animal+color
Pierna,Tetyma,cuerpo
Queso grande,Kesú guasu,sintagma nominal
Agua lento,Y mbeguemi,sintagma nominal
Fruta pequeño,Yva michĩ,sintagma nominal
Luna barato,Jasy hepy'ỹ,sintagma nominal
Yerba mate nuevo,Ka'a pyahu,sintagma nominal
Quiero papa,Aipota Papa,frase: deseo
Saber,Kuaa,verbo
Buho blanco,Urukure'a Morotĩ,animal+color
Leche viejo,Kamby tuja,sintagma nominal
Abeja caro,Eíra hepy,sintagma nominal
Cama pequeño,Tupao michĩ,sintagma nominal
Harina bonito,Harina porã,sintagma nominal
Gallina rápido,Ryguasu pya'e,sintagma nominal
Cerdo feo,Kure vai,sintagma nominal
Pato verde,Pato Hovyũ,animal+color
Nuestro (excl.) tío,Ore Tío,posesivo+familia
Lechuza negro,Mbopi'i Hũ,animal+color
Huevo caro,Rupi'a hepy,sintagma nominal
Cuchillo rápido,Kuchillo pya'e,sintagma nominal
Silla pequeño,Guapyha michĩ,sintagma nominal
Naranja nuevo,Narã yva pyahu,sintagma nominal
Murciélago bonito,Mbopi porã,sintagma nominal
Fuego grande,Tata guasu,sintagma nominal
Fruta,Yva,alimento
Tierra,Yvy,lugar/naturaleza
Ventana bonito,Ovetã porã,sintagma nominal
Silla,Guapyha,hogar
Camino,Tape,lugar/naturaleza
Uno,Peteĩ,número
Necesito habitación,Aikotevẽ Kotý,frase: necesidad
Pez barato,Pira hepy'ỹ,sintagma nominal
Ventana lento,Ovetã mbeguemi,sintagma nominal
Gato caro,Mbarakaja hepy,sintagma nominal
Pez caro,Pira hepy,sintagma nominal
Tortuga,Karaí,animal
Viento nuevo,Yvytu pyahu,sintagma nominal
Vaso,Hy'áiha,hogar
Puerta rápido,Okẽ pya'e,sintagma nominal
Cocina pequeño,Kokina michĩ,sintagma nominal
Cerdo azul,Kure Hovy,animal+color
Sal caro,Juky hepy,sintagma nominal
Banana feo,Pakova vai,sintagma nominal
Café pequeño,Kafe michĩ,sintagma nominal
Campo caro,Okára hepy,sintagma nominal
Mi prima,Che Príma,posesivo+familia
Lago bonito,Ypa porã,sintagma nominal
Colibrí amarillo,Mainumby Sa'yju,animal+color
Colibrí feo,Mainumby vai,sintagma nominal
Zorrino violeta,Suru Hovyũ pytã,animal+color
Fruta grande,Yva guasu,sintagma nominal
Armadillo nuevo,Tatu pyahu,sintagma nominal
Uva rápido,Yva rykue pya'e,sintagma nominal
Tu abuelo,Nde Taitaguasu,posesivo+familia
Abeja negro,Eíra Hũ,animal+color
Perro barato,Jagua hepy'ỹ,sintagma nominal
Harina viejo,Harina tuja,sintagma nominal
Gallina naranja,Ryguasu Narã,animal+color
Gallina azul,Ryguasu Hovy,animal+color
Sandía rápido,Sandía pya'e,sintagma nominal
Lluvia,Ama,lugar/naturaleza
Huevo barato,Rupi'a hepy'ỹ,sintagma nominal
Vecino,Vecino,familia
Quiero manzana,Aipota Yva pytã,frase: deseo
Nuestro madre,Ñande Sy,posesivo+familia
Silla viejo,Guapyha tuja,sintagma nominal
Ventana,Ovetã,hogar
Silla rápido,Guapyha pya'e,sintagma nominal
Río feo,Ysyry vai,sintagma nominal
Camino viejo,Tape tuja,sintagma nominal
Caballo blanco,Kavaju Morotĩ,animal+color
Cerdo,Kure,animal
Pollo rápido,Ryguasu so'o pya'e,sintagma nominal
Árbol viejo,Yvyra tuja,sintagma nominal
Zorro grande,Aguara guasu,sintagma nominal
Buenas tardes,Ka'aru porã,saludo
Sandía grande,Sandía guasu,sintagma nominal
Papaya caro,Mamón hepy,sintagma nominal
Yacaré verde,Jakare Hovyũ,animal+color
Campo barato,Okára hepy'ỹ,sintagma nominal
Mi hijo,Che Ta'ýra,posesivo+familia
Necesito cuchara,Aikotevẽ Kucharã,frase: necesidad
Nuestro (excl.) tía,Ore Tía,posesivo+familia
Murciélago rápido,Mbopi pya'e,sintagma nominal
Buho bonito,Urukure'a porã,sintagma nominal
Plato lento,Atyha'i mbeguemi,sintagma nominal
Mariposa rápido,Panambi pya'e,sintagma nominal
Pájaro azul,Guyra Hovy,animal+color
Ajo feo,Ajo vai,sintagma nominal
Mariposa marrón,Panambi Hũ sa'yju,animal+color
Cebolla barato,Sevolla hepy'ỹ,sintagma nominal
Patio feo,Kora vai,sintagma nominal
Gracias,Aguyje,cortesía
Arroz feo,Arro vai,sintagma nominal
Armadillo violeta,Tatu Hovyũ pytã,animal+color
Tereré rápido,Tereré pya'e,sintagma nominal
Vaso lento,Hy'áiha mbeguemi,sintagma nominal
Necesito hospital,Aikotevẽ Pohãno renda,frase: necesidad
Necesito casa,Aikotevẽ Óga,frase: necesidad
Buho nuevo,Urukure'a pyahu,sintagma nominal
Nuestro (excl.) vecino,Ore Vecino,posesivo+familia
Papaya feo,Mamón vai,sintagma nominal
Caballo rosa,Kavaju Pytã asy,animal+color
Diez,Pa,número
Gato viejo,Mbarakaja tuja,sintagma nominal
Cocina caro,Kokina hepy,sintagma nominal
Uva viejo,Yva rykue tuja,sintagma nominal
Queso bonito,Kesú porã,sintagma nominal
Mono rápido,Karaí kavaju? pya'e,sintagma nominal
Plaza lento,Plása mbeguemi,sintagma nominal
Mercado bonito,Merkádo porã,sintagma nominal
Cuchara,Kucharã,hogar
Mono lento,Karaí kavaju? mbeguemi,sintagma nominal
Necesito viento,Aikotevẽ Yvytu,frase: necesidad
Yacaré azul,Jakare Hovy,animal+color
Mariposa barato,Panambi hepy'ỹ,sintagma nominal
Zorro violeta,Aguara Hovyũ pytã,animal+color
Pájaro rosa,Guyra Pytã asy,animal+color
Lechuga,Lechuga,verdura
Cerrar,Mboty,verbo
Tomate rápido,Tomáte pya'e,sintagma nominal
Ajo viejo,Ajo tuja,sintagma nominal
Pez violeta,Pira Hovyũ pytã,animal+color
Nuestro amigo,Ñande Angirũ,posesivo+familia
Camino lento,Tape mbeguemi,sintagma nominal
Pan pequeño,Mbujapé michĩ,sintagma nominal
Pato barato,Pato hepy'ỹ,sintagma nominal
Yerba mate pequeño,Ka'a michĩ,sintagma nominal
Pez pequeño,Pira michĩ,sintagma nominal
Patio bonito,Kora porã,sintagma nominal
Papaya viejo,Mamón tuja,sintagma nominal
Necesito vaso,Aikotevẽ Hy'áiha,frase: necesidad
Cama barato,Tupao hepy'ỹ,sintagma nominal
Necesito ciudad,Aikotevẽ Táva,frase: necesidad
Patio nuevo,Kora pyahu,sintagma nominal
Tortuga naranja,Karaí Narã,animal+color
Sopa feo,Sopa vai,sintagma nominal
Águila grande,Taguato guasu,sintagma nominal
Escuela rápido,Mbo'ehao pya'e,sintagma nominal
Cebolla nuevo,Sevolla pyahu,sintagma nominal
Murciélago nuevo,Mbopi pyahu,sintagma nominal
Zorrino marrón,Suru Hũ sa'yju,animal+color
Lago caro,Ypa hepy,sintagma nominal
Vaca lento,Vaka mbeguemi,sintagma nominal
Zorrino naranja,Suru Narã,animal+color
Lago,Ypa,lugar/naturaleza
Techo bonito,Apytere porã,sintagma nominal
Pan lento,Mbujapé mbeguemi,sintagma nominal
Selva grande,Ka'aguasu guasu,sintagma nominal
Necesito fuego,Aikotevẽ Tata,frase: necesidad
Ventana feo,Ovetã vai,sintagma nominal
Estómago,Tye,cuerpo
Árbol caro,Yvyra hepy,sintagma nominal
Nuestro tío,Ñande Tío,posesivo+familia
Casa feo,Óga vai,sintagma nominal
Pájaro rápido,Guyra pya'e,sintagma nominal
Buho rápido,Urukure'a pya'e,sintagma nominal
Techo nuevo,Apytere pyahu,sintagma nominal
Plaza pequeño,Plása michĩ,sintagma nominal
Mandioca grande,Mandi'o guasu,sintagma nominal
Yacaré rosa,Jakare Pytã asy,animal+color
Necesito iglesia,Aikotevẽ Tupao,frase: necesidad
Sandía viejo,Sandía tuja,sintagma nominal
Hormiga verde,Tapi'í Hovyũ,animal+color
Loro rápido,Tu'i pya'e,sintagma nominal
Yacaré pequeño,Jakare michĩ,sintagma nominal
Ciudad,Táva,lugar/naturaleza
Colibrí pequeño,Mainumby michĩ,sintagma nominal
Nuestro esposa,Ñande Tembireko,posesivo+familia
Techo grande,Apytere guasu,sintagma nominal
Mi abuelo,Che Taitaguasu,posesivo+familia
Zorrino blanco,Suru Morotĩ,animal+color
Estrella pequeño,Mbyja michĩ,sintagma nominal
Campo bonito,Okára porã,sintagma nominal
Yacaré violeta,Jakare Hovyũ pytã,animal+color
Ciudad pequeño,Táva michĩ,sintagma nominal
Loro lento,Tu'i mbeguemi,sintagma nominal
Arroz bonito,Arro porã,sintagma nominal
Quiero poroto,Aipota Kumanda,frase: deseo
Quiero zanahoria,Aipota Zanahoria,frase: deseo
Gato rojo,Mbarakaja Pytã,animal+color
Necesito lago,Aikotevẽ Ypa,frase: necesidad
Madre,Sy,familia
Cuchara nuevo,Kucharã pyahu,sintagma nominal
Ventana grande,Ovetã guasu,sintagma nominal
Zorrino caro,Suru hepy,sintagma nominal
Mango,Mango,fruta
Sol,Kuarahy,lugar/naturaleza
Buho violeta,Urukure'a Hovyũ pytã,animal+color
Gallina nuevo,Ryguasu pyahu,sintagma nominal
Camino rápido,Tape pya'e,sintagma nominal
Hormiga grande,Tapi'í guasu,sintagma nominal
Sapo pequeño,Kururu michĩ,sintagma nominal
Vaso rápido,Hy'áiha pya'e,sintagma nominal
Gato rápido,Mbarakaja pya'e,sintagma nominal
Examen,Porandu guasu,escuela
Iglesia barato,Tupao hepy'ỹ,sintagma nominal
Cerdo marrón,Kure Hũ sa'yju,animal+color
Papaya bonito,Mamón porã,sintagma nominal
Sopa rápido,Sopa pya'e,sintagma nominal
Piña,Karapepẽ,alimento
Patio lento,Kora mbeguemi,sintagma nominal
Armadillo grande,Tatu guasu,sintagma nominal
Lluvia caro,Ama hepy,sintagma nominal
Estrella barato,Mbyja hepy'ỹ,sintagma nominal
Perro negro,Jagua Hũ,animal+color
Plaza bonito,Plása porã,sintagma nominal
Ir,Ho,verbo
Necesito camino,Aikotevẽ Tape,frase: necesidad
Viento feo,Yvytu vai,sintagma nominal
Lechuza verde,Mbopi'i Hovyũ,animal+color
Armadillo negro,Tatu Hũ,animal+color
Necesito cama,Aikotevẽ Tupao,frase: necesidad
Lluvia grande,Ama guasu,sintagma nominal
Maíz barato,Avati hepy'ỹ,sintagma nominal
Quiero tereré,Aipota Tereré,frase: deseo
Yacaré rojo,Jakare Pytã,animal+color
Bienvenido,Tereguahẽ porã,bienvenida
Cuchillo feo,Kuchillo vai,sintagma nominal
Tortuga grande,Karaí guasu,sintagma nominal
Sal feo,Juky vai,sintagma nominal
Casa lento,Óga mbeguemi,sintagma nominal
Maíz feo,Avati vai,sintagma nominal
Necesito luna,Aikotevẽ Jasy,frase: necesidad
Quiero queso,Aipota Kesú,frase: deseo
Colibrí rápido,Mainumby pya'e,sintagma nominal
Necesito puerta,Aikotevẽ Okẽ,frase: necesidad
Colibrí azul,Mainumby Hovy,animal+color
Caballo feo,Kavaju vai,sintagma nominal
Águila,Taguato,animal
Zorro nuevo,Aguara pyahu,sintagma nominal
Pimienta caro,Kỹikĩ hepy,sintagma nominal
Mesa grande,Atyha guasu,sintagma nominal
Casa pequeño,Óga michĩ,sintagma nominal
Querer,Potá,verbo
Agua,Y,alimento
Yerba mate,Ka'a,alimento
Maíz caro,Avati hepy,sintagma nominal
Tortuga feo,Karaí vai,sintagma nominal
Dormir,Ke,verbo
Perro grande,Jagua guasu,sintagma nominal
Tu esposa,Nde Tembireko,posesivo+familia
Gato blanco,Mbarakaja Morotĩ,animal+color
Pez marrón,Pira Hũ sa'yju,animal+color
Puerta pequeño,Okẽ michĩ,sintagma nominal
Cama lento,Tupao mbeguemi,sintagma nominal
Piso viejo,Yvy tuja,sintagma nominal
Sapo,Kururu,animal
Caballo negro,Kavaju Hũ,animal+color
Buho feo,Urukure'a vai,sintagma nominal
